CHEV|ASTRO|LC|ASTRO
DAIH|ATRAI|LC|ATRAI
DAIH|BEGO|LC|BE-GO
DAIH|COO|PS|COO
DAIH|HI-JET|LC|HI-JET
DATS|PICKUP|LC|PICKUP
FERR|512TR|PS|512TR
FORD|FREDA|LC|FREDA
HOND|ACCORD|PS|ACCORD
HOND|BEAT|PS|BEAT
HOND|CITY|PS|CITY
HOND|CIVIC|PS|CIVIC
HOND|CRX|PS|CRX
HOND|LEGEND|PS|LEGEND
HOND|MOBILIO|PS|MOBILIO
HOND|PRELUDE|PS|PRELUDE
HOND|S660|PS|S660
HOND|TORNEO|PS|TORNEO
HOND|VEZEL|LC|VEZEL
INFI|FX50|LC|FX50
ISUZ|GEMINI|PS|GEMINI
ISUZ|MU|LC|MU
ISUZ|PIAZZA|PS|PIAZZA
ISUZ|VEHICRO|LC|VEHICROSS
LEXU|HS|PS|HS
LEXU|RX|LC|RX
LEXU|SC|PS|SC
MAZD|323|PS|323
MAZD|626|PS|626
MAZD|929|PS|929
MAZD|ATENZA|PS|ATENZA
MAZD|AXELA|PS|AXELA
MAZD|BONGO|LC|BONGO
MAZD|CAPELLA|PS|CAPELLA
MAZD|COSMO|PS|COSMO
MAZD|FAMILIA|PS|FAMILIA
MAZD|LUCE|PS|LUCE
MAZD|MX5|PS|MX-5
MAZD|RX7|PS|RX-7
MITS|AIRTEK|LC|AIRTREK
MITS|BRAVO|LC|BRAVO
MITS|DELICA|LC|DELICA
MITS|FTO|PS|FTO
MITS|GALANT|PS|GALANT
MITS|GTO|PS|GTO
MITS|I-CAR|PS|I-CAR
MITS|LANCER|PS|LANCER
MITS|LEGNUM|PS|LEGNUM
MITS|PAJERO|LC|PAJERO
MITS|RVR|LC|RVR
MORG|PLUS 8|PS|PLUS 8
NISS|180SX|PS|180SX
NISS|200ZR|PS|200ZR
NISS|300ZX|PS|300ZX
NISS|BLUEBIR|PS|BLUEBIRD
NISS|CARAVAN|LC|CARAVAN
NISS|CEDRIC|PS|CEDRIC
NISS|CEFIRO|PS|CEFIRO
NISS|CIMA|PS|CIMA
NISS|CUBE|PS|CUBE
NISS|ELGRAND|LC|ELGRAND
NISS|FAIRLDZ|PS|FAIRLADY Z
NISS|FIGARO|PS|FIGARO
NISS|FUGA450|PS|FUGA
NISS|GLORIA|PS|GLORIA
NISS|GT-R|PS|GT-R
NISS|HOMY|LC|HOMY
NISS|LARGO|LC|LARGO
NISS|LAUREL|PS|LAUREL
NISS|MAXIMA|PS|MAXIMA
NISS|PAO|PS|PAO
NISS|PRESEA|PS|PRESEA
NISS|PRESIDE|PS|PRESIDENT
NISS|PRIMERA|PS|PRIMERA
NISS|PULSAR|PS|PULSAR
NISS|SAFARI|LC|SAFARI
NISS|SCARGO|LC|S CARGO
NISS|SERENA|PS|SERENA
NISS|SILVIA|PS|SILVIA
NISS|SKYLINE|PS|SKYLINE
NISS|STAGEA|PS|STAGEA
NISS|TERRAN1|LC|TERRANO
NISS|TERRANO|LC|TERRANO II
NISS|TINO|PS|TINO
NISS|VANETTE|LC|VANETTE
NISS|WINGROA|PS|WINGROAD
NISS|X-TRAIL|LC|X-TRAIL
ROVE|MINI|PS|MINI
SUBA|FORESTE|LC|FORESTER
SUBA|IMPREZA|PS|IMPREZA
SUBA|LEGACY|PS|LEGACY
SUBA|VORTEX|PS|VORTEX
SUBA|XV|PS|XV
SUZU|CAPPUCI|PS|CAPPUCCINO
SUZU|CARRY|LC|CARRY
SUZU|CERVO M|LC|CERVO MODE
SUZU|CULTUS|PS|CULTUS
SUZU|ESCUDO|LC|ESCUDO
SUZU|SIERRA|LC|SIERRA
SUZU|SPACIA|PS|SPACIA
TOYO|ALPHARD|LC|ALPHARD
TOYO|ARISTO|PS|ARISTO
TOYO|BB|PS|BB
TOYO|CALDINA|PS|CALDINA
TOYO|CARINA|PS|CARINA
TOYO|CAVALIE|PS|CAVALIER
TOYO|CELICA|PS|CELICA
TOYO|CELSIOR|PS|CELSIOR
TOYO|CENTURY|PS|CENTURY
TOYO|CHASER|PS|CHASER
TOYO|COROLL2|PS|COROLLA II
TOYO|COROLLA|PS|COROLLA
TOYO|CORONA|PS|CORONA
TOYO|CORSA|PS|CORSA
TOYO|CRESTA|PS|CRESTA
TOYO|CROWN|PS|CROWN
TOYO|CYNOS|PS|CYNOS
TOYO|ESQUIRE|LC|ESQUIRE
TOYO|ESTIMA|LC|ESTIMA
TOYO|GRAND H|LC|GRAND HIACE
TOYO|GRANVIA|LC|GRANVIA
TOYO|HARRIER|LC|HARRIER
TOYO|HIACE|LC|HIACE
TOYO|HILUXSU|LC|HILUX SURF
TOYO|LANDCRU|LC|LANDCRUISER
TOYO|LITEACE|LC|LITEACE
TOYO|MARK II|PS|MARK II
TOYO|MASTERA|LC|MASTERACE
TOYO|MR2|PS|MR2
TOYO|NOAH|LC|NOAH
TOYO|PORTE|PS|PORTE
TOYO|PRADO|LC|LANDCRUISER PRADO
TOYO|PRIUS|PS|PRIUS
TOYO|RACTIS|PS|RACTIS
TOYO|REGIUS|LC|REGIUS
TOYO|SAI|PS|SAI
TOYO|SERA|PS|SERA
TOYO|SOARER|PS|SOARER
TOYO|SPRINTE|PS|SPRINTER
TOYO|STARLET|PS|STARLET
TOYO|STOUT|LC|STOUT
TOYO|SUPRA|PS|SUPRA
TOYO|TOWNACE|LC|TOWNACE
TOYO|VANGUAR|LC|VANGUARD
TOYO|VELLFIR|LC|VELLFIRE
TOYO|VOXY|LC|VOXY
VOLK|SCIROCC|PS|SCIROCCO
VOLK|TOUAREG|LC|TOUAREG
